name,id_student
Daniel Carter,1
Bradley Wilson,2
Mark Washington,3
Travis Wilson,4
William Bell,5
Stephanie Miller,6
Anita Black,7
Christopher Gonzalez,8
Ronald Moore,9
Stacey Savage,10
Monica Thomas,11
Kelly White,12
Mary Wilson,13
Christopher Edwards,14
Robert Brooks,15
Garrett Carpenter,16
Christine Cunningham,17
Katherine Wells,18
Charlene Mccarty,19
Jordan Lamb,20
Megan Scott,21
Julie Lawson,22
Linda Patrick,23
Robert Wade,24
Heather Lowe,25
Bryan Mendoza,26
Megan Ward,27
Claudia Savage,28
Gregory Grimes,29
Heather Wong,30
Kenneth Coleman,31
Patrick Moore,32
Cathy Hernandez,33
Kathleen Miller,34
Stephanie Hanson,35
Joseph Taylor,36
Lisa Hubbard,37
Andrew Aguirre,38
Erin Chang,39
Aaron Townsend,40
Albert Wood,41
Joseph Bush,42
Barbara Butler,43
Cory Phillips,44
Jasmine Conley,45
Ashley Lawrence,46
Steven Jones,47
Michael Wiggins,48
Daniel Clark,49
Ana Moore,50
